,grasslandParkland,largeHerb,organicCarbon,roeDeer,tamworthPig,thornyScrub,woodland,ID,accepted?
0,0.6113673400371044,1.0643997616444865,2.1539553756697236,4.112760163520835,0.4506052190317693,27.680171918088835,0.9005709239081493,1,Accepted
1,0.5697998475118674,0.9854926804311671,2.1846143217831546,4.203031562490461,0.48468938411433776,28.08526858560771,0.9506929058236427,1,Accepted
2,0.5312058713742186,0.9238580857584083,2.2133502049162725,4.2581377617424705,0.517989937253118,28.11249542259947,0.9983050927694713,1,Accepted
3,0.49843698203683173,0.874247650985423,2.23351317788329,4.2689532179204495,0.5497794008991213,27.792316050606576,1.037156012375859,1,Accepted
4,0.47160952826645447,0.8338174795753842,2.2439709297514896,4.246032563455488,0.5795852280509468,27.2415387795985,1.0664552264840563,1,Accepted
5,0.47160952826645447,0.9764901953758213,2.2439709297514896,4.246032563455488,0.9366787460269079,27.2415387795985,1.0664552264840563,1,Accepted
6,0.4668836283564224,0.9163698441504625,2.252228921144503,4.18639095704785,0.930633129021362,26.222677621222335,1.0530039927558636,1,Accepted
7,0.4659164448391083,0.8669975522171235,2.240961956402075,4.0900300788055075,0.9237153942524448,25.38049270803334,1.0387435062614916,1,Accepted
8,0.4669663814692232,0.8257370035230458,2.2197134220924903,3.997837798228781,0.9165063806503801,24.70039036964967,1.026221564989211,1,Accepted
9,0.46944000750897363,0.7910360096636506,2.1912025551779477,3.911796234723664,0.9092634107720928,24.151421060148873,1.0155385298599928,1,Accepted
10,0.46944000750897363,0.7701404218896313,2.1912025551779477,3.911796234723664,0.322284102127991,24.151421060148873,1.0155385298599928,1,Accepted
11,0.45493721967125067,0.7440466334751137,2.1486274897708384,3.850264628035917,0.3493117367570759,24.151903873612714,1.0329340293506293,1,Accepted
12,0.4410260751963879,0.72184735368017,2.119587272709863,3.823346729945192,0.3767481810161187,24.037941639461277,1.0487359947929835,1,Accepted
13,0.42912823619574963,0.7026916745396888,2.097517543330027,3.800082267008129,0.4042483863141734,23.82331960594584,1.0601468242898924,1,Accepted
14,0.41947669834873624,0.6860350420019673,2.0811228644849904,3.77503869411652,0.43152194798650007,23.539790724031185,1.0671552648565794,1,Accepted
15,0.41947669834873624,0.90704126593419,2.0811228644849904,3.77503869411652,0.6092874430304902,23.539790724031185,1.0671552648565794,1,Accepted
16,0.42512851670712554,0.8574589007042951,2.0740117732104473,3.7459496623775217,0.6298545510465076,23.035995464343486,1.036566021848886,1,Accepted
17,0.43168713637938216,0.8161363340124523,2.0613539334081623,3.6998609219401173,0.6487165983407189,22.701717736063877,1.0135506975678041,1,Accepted
18,0.43808911099141334,0.7813296638210016,2.0481733911126843,3.6563098567663146,0.6660991527547635,22.487021128253243,0.9974770632654574,1,Accepted
19,0.44394558196424827,0.7518480926845684,2.0342184155250496,3.6231932604567287,0.6820965789738496,22.35998606258683,0.9873439425265804,1,Accepted
20,0.44394558196424827,0.8339579381566148,2.0342184155250496,3.6231932604567287,0.38200414203604016,22.35998606258683,0.9873439425265804,1,Accepted
21,0.4440717010615424,0.7959209654354411,2.0161592988218615,3.603872626396239,0.4084562769414636,22.47872274705515,0.9841805057350919,1,Accepted
22,0.4423178301900358,0.7641503113830498,2.0049339494977776,3.602854470483906,0.4350338268042604,22.594555221468514,0.9867688750143935,1,Accepted
23,0.43942278596396706,0.7373336977913242,1.998871974947404,3.6090892395480743,0.4614913615651571,22.67590637891859,0.9924265886643204,1,Accepted
24,0.4359941447225176,0.7145569169681456,1.9965892326757633,3.6170051668542254,0.48757018383992956,22.71387282939428,0.9995482730937525,1,Accepted
25,0.4359941447225176,0.8112602135039383,1.9965892326757633,3.6170051668542254,2.414457893412099,22.71387282939428,0.9995482730937525,1,Accepted
26,0.48574446058297127,0.7765854678636923,2.034365621113972,3.5733266420834497,1.9607079320320642,21.484393391617214,0.9300449276091532,1,Accepted
27,0.5307214677299461,0.7465909963532986,2.033911191387593,3.4994236659297493,1.6827151135220018,20.967616424714386,0.8871004159168012,1,Accepted
28,0.5680968568162953,0.720912254804223,2.018718829017889,3.4479260070929634,1.4978129175094987,20.88481263370297,0.8647084638151592,1,Accepted
29,0.5965184794661034,0.6990612129302207,2.000884398289551,3.4282236533850554,1.3686740346131507,21.071912590096197,0.8579718295923355,1,Accepted
30,0.5965184794661034,1.8945403892278385,2.000884398289551,3.4282236533850554,1.0848771498468828,21.071912590096197,0.8579718295923355,1,Accepted
31,0.6698608813514566,1.5511028333062409,1.9984363714986946,3.426505837812472,1.0512716136798272,21.285716913774902,0.7663846447884426,1,Accepted
32,0.7177161271814789,1.3300979639141397,1.9928810877831713,3.4581385165701684,1.0269175210277972,22.07376153846436,0.7307747378048838,1,Accepted
33,0.7392683794448199,1.1774968373086798,1.9964550108064623,3.536052861736215,1.009719181729408,23.155597292208004,0.7293498195232805,1,Accepted
34,0.7379918363366614,1.0673577307494306,2.0122900510174184,3.6493691148676923,0.9977380286836827,24.33295596802229,0.7510396309859377,1,Accepted
35,0.7379918363366614,1.176240061341573,2.0122900510174184,3.6493691148676923,0.9489500356708107,24.33295596802229,0.7510396309859377,1,Accepted
36,0.7240804084236628,1.067539892113803,2.041482803778838,3.7826473573891106,0.9476004566802351,25.427958792454067,0.7803759956511536,1,Accepted
37,0.6972765366936476,0.9856820302987522,2.0791360146529803,3.9156923239739405,0.947456185907121,26.353596308586308,0.8224104579056679,1,Accepted
38,0.6638393350310465,0.9222228119425442,2.1210055845731346,4.032922661217676,0.9475991858935681,26.996691779213986,0.8709218218363036,1,Accepted
39,0.6288469576139565,0.8721575025299644,2.1609637794873917,4.121983599438388,0.9473686238536901,27.327506408520804,0.9206920775097462,1,Accepted
40,0.6288469576139565,0.682005944226637,2.1609637794873917,4.121983599438388,0.9175692002919995,27.327506408520804,0.9206920775097462,1,Accepted
41,0.5849137961269806,0.6699938704150444,2.191453114603819,4.174548155486364,0.9202734907678272,27.407491710357156,0.9885747036585024,1,Accepted
42,0.5486307949336798,0.6598618376123504,2.214882802792161,4.193681424924321,0.9210237918134337,27.060014261648277,1.0422202631068729,1,Accepted
43,0.5213399017703917,0.6509632309025221,2.2244377341742063,4.167883174932105,0.9196192395352945,26.4243040897678,1.077830588119651,1,Accepted
44,0.5015971872986028,0.6429772446552453,2.2230435270169053,4.111417471487283,0.9164767586934907,25.63372434168407,1.0977971537242441,1,Accepted
45,0.5015971872986028,1.698947289189125,2.2230435270169053,4.111417471487283,1.0016938226135848,25.63372434168407,1.0977971537242441,1,Accepted
46,0.53806886387913,1.4359935580096799,2.226892509552339,4.01120595069274,0.9850660183523822,24.48286023362181,0.9823120308571492,1,Accepted
47,0.5670079640267249,1.2562819404504715,2.2043599401016833,3.907571946539258,0.9707443599284556,24.058444657893663,0.9188786680267993,1,Accepted
48,0.5863170845496257,1.1269464071852473,2.176105342151986,3.8415079333706172,0.9590276136767958,24.042377268979102,0.888610573508213,1,Accepted
49,0.59588475642553,1.0302484947279327,2.1520959584844688,3.817917289277182,0.9497073018470465,24.24001992541764,0.8804799399641842,1,Accepted
50,0.59588475642553,0.9325726814876507,2.1520959584844688,3.817917289277182,0.515626392373328,24.24001992541764,0.8804799399641842,1,Accepted
51,0.5765544293312235,0.8781734833505004,2.1259556651226346,3.834217353263828,0.5455306334449408,24.87151947801032,0.9120619577044383,1,Accepted
52,0.5534151945171001,0.8344774460618468,2.118067528109903,3.8818062783487113,0.5746343142437035,25.284466352162813,0.9477921242169149,1,Accepted
53,0.5304207367280562,0.7986958374267007,2.1204026463433743,3.9187797010313363,0.6023850188812726,25.43969232465837,0.9815840691869737,1,Accepted
54,0.5090178264634447,0.7690831805361323,2.1268320245165375,3.9480315509443265,0.6283838894036868,25.38742982623227,1.0116877195195295,1,Accepted
55,0.5090178264634447,1.0714433232353926,2.1268320245165375,3.9480315509443265,2.6639116784712864,25.38742982623227,1.0116877195195295,1,Accepted
56,0.5635316331864565,0.9889189500379854,2.1757168694312283,3.890320065151545,2.115969642493853,23.72316028771673,0.9320641201828791,1,Accepted
57,0.6093529038303136,0.9228161121571729,2.1724609286215357,3.788101777520571,1.793607655141418,23.00261933108565,0.8858073539809254,1,Accepted
58,0.643319303704508,0.8694082234809893,2.149983362772018,3.717184027674617,1.5842885588260898,22.82013549439818,0.8642748192909506,1,Accepted
59,0.6648512409807041,0.8259070008458738,2.124639124382119,3.6846464178349456,1.4403645620885122,22.947941076100303,0.8606258859558077,1,Accepted
60,0.6648512409807041,1.090665611158231,2.124639124382119,3.6846464178349456,1.07781218392106,22.947941076100303,0.8606258859558077,1,Accepted
61,0.6765936004006381,1.0024057271192832,2.10246609106232,3.6927279238189894,1.051129762815225,23.394188431976694,0.8555117991798186,1,Accepted
62,0.6764813325398539,0.9339348277596707,2.092594992916131,3.729907906657913,1.030119796639606,23.905006351575683,0.8659608846365108,1,Accepted
63,0.6672332226313933,0.8796083682054361,2.0938941625269627,3.7820430236952616,1.0132728873738268,24.371446915888342,0.8863994626739796,1,Accepted
64,0.6521642676372502,0.8360130702099123,2.10132652547219,3.8368170562872175,0.99944518867104,24.747764336987046,0.9127672537401599,1,Accepted
65,0.6521642676372502,0.8256804616295823,2.10132652547219,3.8368170562872175,1.7514623834818832,24.747764336987046,0.9127672537401599,1,Accepted
66,0.6602714507209034,0.7915153047862369,2.127375317109035,3.86821033923838,1.5626197158047044,24.46076794774517,0.9174400690927711,1,Accepted
67,0.6622264212325819,0.7628572700296208,2.1390851020273547,3.8699559006281055,1.4287131011329144,24.321778219382324,0.9277319178819033,1,Accepted
68,0.6588361913880634,0.7386624762039039,2.14268905073813,3.8687957930180703,1.3294190668576435,24.24697684464298,0.9421985853255697,1,Accepted
69,0.6519105053273435,0.7181016211313366,2.141293506412088,3.860579132086487,1.2540656713223342,24.187065768832507,0.9585434167786998,1,Accepted
70,0.6519105053273435,0.8634297020184736,2.141293506412088,3.860579132086487,0.3100506419616711,24.187065768832507,0.9585434167786998,1,Accepted
71,0.6151910540956419,0.8236849965148251,2.120127340949346,3.873266603116488,0.33946430110663983,24.76011518343451,0.9947136626830783,1,Accepted
72,0.578828673884557,0.7910186498799838,2.1141995256869195,3.9117692063002885,0.36969599514926427,25.060539850898405,1.0306537058010838,1,Accepted
73,0.5464948612371208,0.7636721251260334,2.1150122572265757,3.9332874746091133,0.4002469919560091,25.08499044617667,1.0603813065279215,1,Accepted
74,0.5186160027293686,0.7405229621631879,2.118266675452246,3.943741503957996,0.4306851955230905,24.906735399170397,1.0834756904580556,1,Accepted
75,0.5186160027293686,1.0334835158824847,2.118266675452246,3.943741503957996,0.41353440519341855,24.906735399170397,1.0834756904580556,1,Accepted
76,0.5083933293049165,0.9611684941836993,2.1227186460724896,3.9359057752893922,0.4434651422182527,24.520728593621204,1.0640309709641615,1,Accepted
77,0.49959078711210364,0.9030783393032257,2.119695595247803,3.9015576086671886,0.4728283464347244,24.222812406331354,1.0509470990691447,1,Accepted
78,0.4915562998594458,0.8554443129562032,2.1131693251890105,3.864698034189131,0.5014118136419474,23.973049921875976,1.0427318505307657,1,Accepted
79,0.48440466934596654,0.8160270090729387,2.103041556768777,3.8280643382541313,0.528963113568076,23.754973430025828,1.0379083868668357,1,Accepted
80,0.48440466934596654,1.9344899824161232,2.103041556768777,3.8280643382541313,2.911419970101118,23.754973430025828,1.0379083868668357,1,Accepted
81,0.5971165368613838,1.5793172576306922,2.151420923945199,3.7075767660974313,2.2422050162384495,21.825174800372054,0.8474277020141273,1,Accepted
82,0.6930382254683067,1.3498165707780374,2.1343779907979483,3.579308056585659,1.8700898709573919,21.425428125233587,0.7547403799171386,1,Accepted
83,0.7620697036575229,1.1912870538026243,2.1018078856893507,3.5264897540046514,1.6386993307518976,21.840499651112268,0.7162494886274778,1,Accepted
84,0.800660253994512,1.0766590012917516,2.076825040100817,3.549211794770866,1.4845888291546947,22.70959940249465,0.7119807679012549,1,Accepted
85,0.800660253994512,1.4176966151307986,2.076825040100817,3.549211794770866,0.7417327575796873,22.70959940249465,0.7119807679012549,1,Accepted
86,0.7996689610005652,1.2415620320930336,2.0578718573042414,3.6428693775036067,0.7636086728718099,24.211411114907975,0.7243620022594853,1,Accepted
87,0.7731146088936939,1.116339532893093,2.067002880334652,3.7880277584699678,0.7853175070011267,25.676519917033776,0.7604233618836436,1,Accepted
88,0.7313968059968188,1.0238843008482745,2.096675636746502,3.9503697075038446,0.8059839414808676,26.9108284549965,0.8117115816525423,1,Accepted
89,0.683650638908675,0.9533079755662675,2.1384601118495112,4.098517909540369,0.8248204568387085,27.766308719098994,0.8706278839070605,1,Accepted
90,0.683650638908675,1.5038725137982734,2.1384601118495112,4.098517909540369,1.0179860888568615,27.766308719098994,0.8706278839070605,1,Accepted
91,0.6746818649475959,1.3065681257277502,2.1944539501941525,4.197627085545286,1.0100282871013935,27.8537729721414,0.8696900707292606,1,Accepted
92,0.6566862746746588,1.1673214831428769,2.2335180192027213,4.245739689576596,1.0029225572762064,27.980382918183054,0.8857913966709513,1,Accepted
93,0.6333094570307318,1.0646546051155612,2.2596977172678927,4.270266551068468,0.9962252173995952,28.027632356390328,0.9117015616674224,1,Accepted
94,0.6080423948943459,0.9862208784129475,2.276121039228878,4.2768408745774185,0.9895312482787149,27.929090538175558,0.9416373186587396,1,Accepted
95,0.6080423948943459,1.5908353992947615,2.276121039228878,4.2768408745774185,1.5131988505936296,27.929090538175558,0.9416373186587396,1,Accepted
96,0.6327514431934148,1.3654286508225026,2.30285339311878,4.242251177842554,1.3982630827837705,27.08573632060223,0.8928827877948189,1,Accepted
97,0.6457001515447673,1.208506391247111,2.3016109997015235,4.186031567649446,1.3116289363075875,26.74716054235263,0.874116276645541,1,Accepted
98,0.6476408932340061,1.0940950276413446,2.2893078631071337,4.145185139224084,1.2448595583389637,26.66313413479962,0.8753459280236146,1,Accepted
99,0.6406385672929252,1.0074234781076499,2.2762106822488968,4.127687523693469,1.1921915251138777,26.665558285858804,0.8896078927976745,1,Accepted
100,0.6406385672929252,1.5551696908696593,2.2762106822488968,4.127687523693469,1.8175732614056728,26.665558285858804,0.8896078927976745,1,Accepted
101,0.6805050745443857,1.339844143590966,2.284208835785926,4.094683329015542,1.613067008127968,26.045358420002394,0.8403179551971888,1,Accepted
102,0.7021677724734717,1.1891997601618771,2.2731885733488926,4.060810605137851,1.4707315490014814,25.983174615855322,0.8245068756795328,1,Accepted
103,0.7070520518391143,1.0790729319016934,2.2590176690306096,4.051184937895129,1.367570590026697,26.190453999676944,0.831003789591584,1,Accepted
104,0.6984854448876184,0.9956664692721787,2.2491875664990393,4.06774484147689,1.290045262559965,26.473423074311405,0.8523122342824666,1,Accepted
105,0.6984854448876184,1.6331522880870504,2.2491875664990393,4.06774484147689,1.9403966749734656,26.473423074311405,0.8523122342824666,1,Accepted
106,0.744012502176746,1.392045706457656,2.2662241191999977,4.065804174754784,1.6990966223782547,26.05494616363051,0.8053253035921467,1,Accepted
107,0.7648045825309258,1.2267314067743809,2.2640204860410464,4.061649087623462,1.5358916808270915,26.209782707488845,0.7947102049120295,1,Accepted
108,0.7640310992847926,1.1075973575069262,2.259169394241906,4.079963216149407,1.4199149003198936,26.614595738747834,0.8078853733446266,1,Accepted
109,0.7471222079911463,1.018453010189171,2.2581123358259867,4.120533990796959,1.334054099981381,27.057471154013772,0.8366706749579385,1,Accepted
110,0.7471222079911463,1.7711762714881076,2.2581123358259867,4.120533990796959,1.7804102645991766,27.057471154013772,0.8366706749579385,1,Accepted
111,0.7853726297009155,1.4826618570744576,2.2815418832593686,4.141239684574129,1.5960317733163212,26.838868784997693,0.794398980613124,1,Accepted
112,0.7955698838595279,1.2910147812514374,2.2871453551682364,4.157570736291252,1.4668828917533174,27.130203964422932,0.7899858015237956,1,Accepted
113,0.7834350367978511,1.155864741962506,2.290100966892425,4.19136578026026,1.372495932921215,27.601053914849842,0.8095331087095293,1,Accepted
114,0.7562574914351272,1.0563275910030472,2.2954138900354066,4.239860489408849,1.3009258454936523,28.040488089909598,0.844145572361798,1,Accepted
115,0.7562574914351272,1.7009189747283402,2.2954138900354066,4.239860489408849,0.351676468484344,28.040488089909598,0.844145572361798,1,Accepted
116,0.7181993030129413,1.4393253287568775,2.2919019321651493,4.309461987927902,0.38704269921145784,28.933903374717705,0.8596472960407162,1,Accepted
117,0.6665302947275421,1.2634301505898748,2.3017418683126256,4.394244536733224,0.42344025159117127,29.651866882601908,0.8997682495912545,1,Accepted
118,0.6120823872671601,1.1381464958125487,2.3191533522522354,4.466242072146047,0.4600783817154594,30.01106570374948,0.9509484140794884,1,Accepted
119,0.5615562349716289,1.0447353811717943,2.33708762405838,4.50557947024893,0.49612067325390796,29.945512648690627,1.0028510806833446,1,Accepted
120,0.5615562349716289,1.3882514104424892,2.33708762405838,4.50557947024893,2.08287756463704,29.945512648690627,1.0028510806833446,1,Accepted
121,0.5852843341732776,1.2280620716153565,2.3856255095342793,4.441176360371743,1.7899214894509572,28.110655973151662,0.9523581368191637,1,Accepted
122,0.6034302150405639,1.1099382103583826,2.380785832938646,4.314442623620997,1.5930264256358009,27.045948362447337,0.9240837683683117,1,Accepted
123,0.6143276648647062,1.0200156266333409,2.3520069902754472,4.1992129110242145,1.4535765239626994,26.435137900819697,0.9129007545729546,1,Accepted
124,0.6179641874552653,0.9497742222807387,2.316681999619944,4.120799680096104,1.3505778353246176,26.081480796219058,0.9144042680245947,1,Accepted
125,0.7568967558600272,1.0015687643966493,1.8780605126895968,3.315610535301245,1.0439395742723274,22.70861299640031,0.9618115753854094,2,Accepted
126,0.7494027181548254,0.9318962499041965,1.8803966883765542,3.3324959036136357,1.0481107726264316,22.875226436532976,0.9845220804128014,2,Accepted
127,0.737161268606668,0.877250908023978,1.884426033580503,3.35069473904004,1.0515968929084614,22.946705712956103,1.0122923625441138,2,Accepted
128,0.7233740290752241,0.8332695978535698,1.889063677697152,3.361699930992215,1.054049300187268,22.88861794287543,1.040432738666141,2,Accepted
129,0.7097122184408665,0.7975193483504334,1.8926045361617607,3.364251871479323,1.055397265672414,22.720693496775162,1.066897543834798,2,Accepted
130,0.7097122184408665,1.7665052290251717,1.8926045361617607,3.364251871479323,2.8068391968065716,22.720693496775162,1.066897543834798,2,Accepted
131,0.8415544987936361,1.464332691161662,1.9328366543974556,3.3054563396697945,2.2809029903048472,21.21336371184956,0.9147918270009453,2,Accepted
132,0.9388452981750813,1.2674875402229218,1.9283773081794393,3.2321703673779316,1.9705141894124452,20.893781908005273,0.8453497709789054,2,Accepted
133,0.9958368114215667,1.1307580400543362,1.9111443813093032,3.203154439102713,1.7707947262562589,21.19195550041139,0.8237652143270693,2,Accepted
134,1.015910530507267,1.0312988812528596,1.8968730363247877,3.219557416508568,1.6341861957648356,21.78937730969844,0.8326944945980914,2,Accepted
135,1.015910530507267,0.6340543316531247,1.8968730363247877,3.219557416508568,0.7194328819706342,21.78937730969844,0.8326944945980914,2,Accepted
136,0.9173687468897657,0.6279420935429341,1.869444995021856,3.287153507036888,0.7616895386045023,23.209480695255273,0.9395951760537223,2,Accepted
137,0.8299866068917607,0.6233658928378611,1.8711971857692142,3.3856455876062945,0.8003528571112584,23.980449312683508,1.043250876651992,2,Accepted
138,0.7597773598708915,0.6198687084772107,1.8872930243324324,3.4573014609222485,0.8344787748729928,24.119164999716947,1.1317071529796334,2,Accepted
139,0.7055041783375403,0.6170211547846693,1.9060072893580489,3.502288996977826,0.863697570380819,23.779947410746473,1.1992540740727151,2,Accepted
140,0.7055041783375403,0.6374975837793084,1.9060072893580489,3.502288996977826,0.7154115198062665,23.779947410746473,1.1992540740727151,2,Accepted
141,0.6624559032807845,0.6326296231503035,1.9162708194898448,3.498603962618306,0.7504345220490847,23.22192372266236,1.245623442831424,2,Accepted
142,0.6334180600163496,0.6280416974522567,1.9190400845637505,3.4597515952824236,0.7810797156990233,22.46235955944566,1.2683320768331423,2,Accepted
143,0.6162023752759925,0.6234572521124322,1.91157429704283,3.3949492534706414,0.8073401659216831,21.649563156923467,1.2714417126974376,2,Accepted
144,0.6076542600358671,0.6188896496160142,1.897415565602428,3.318482411119631,0.8296709159879513,20.853679288848564,1.261134826118505,2,Accepted
145,0.6076542600358671,0.9150447574121136,1.897415565602428,3.318482411119631,0.45430648244720084,20.853679288848564,1.261134826118505,2,Accepted
146,0.6084228793614378,0.8644357509908637,1.8730505273325475,3.244330659049169,0.48970971223780735,20.348536010583736,1.2191707410437236,2,Accepted
147,0.6102986686575314,0.8225692304513138,1.8475669507221242,3.1789831844272016,0.524685593876314,19.998756506895734,1.1879369573705323,2,Accepted
148,0.6123132825360559,0.7874880799227908,1.8245447947898448,3.1280542646275227,0.5590481824168682,19.752220848690747,1.1652544923069674,2,Accepted
149,0.6145190251502728,0.7579538993416854,1.8038609374563637,3.0883803668335315,0.5925085074870935,19.580083843874576,1.149075380284919,2,Accepted
150,0.6145190251502728,0.9480891716532662,1.8038609374563637,3.0883803668335315,2.506707922062229,19.580083843874576,1.149075380284919,2,Accepted
151,0.7039545585870661,0.8879374754475928,1.8207320161629097,3.01926215305563,2.0835034540872432,18.35019997948534,1.0324584318700805,2,Accepted
152,0.781698439058768,0.8389447824128091,1.8081769074036957,2.94210188347011,1.8198390090972865,17.89881616317635,0.9641675311881068,2,Accepted
153,0.8422394650991508,0.7990343088733741,1.7864333164028603,2.8938982172509204,1.6440180730486502,17.91230744409367,0.9290323150136719,2,Accepted
154,0.8836752076276974,0.7664478389916144,1.7655629101045875,2.879724075233318,1.521684527349571,18.209911387143723,0.9174527833160269,2,Accepted
155,0.8836752076276974,0.5787651118605808,1.7655629101045875,2.879724075233318,2.1954826836289034,18.209911387143723,0.9174527833160269,2,Accepted
156,0.9240417783402363,0.5765390401393101,1.760663872135902,2.8885289856240246,1.9064635337772713,18.333457106755304,0.9209614717369398,2,Accepted
157,0.9429540248110254,0.5750603991366166,1.7554263913617856,2.911716478671269,1.7152146302189553,18.64096250762846,0.9382215018211241,2,Accepted
158,0.9454568469025889,0.5742349077040227,1.7534435562873176,2.9468729295776375,1.581640115027655,19.01433833214471,0.964219397671405,2,Accepted
159,0.9365710970002467,0.5739449211414452,1.7558548808419916,2.9886694453508764,1.483845300616218,19.37060703817151,0.9949367160779883,2,Accepted
160,0.9365710970002467,0.5814844412750002,1.7558548808419916,2.9886694453508764,2.466679670518654,19.37060703817151,0.9949367160779883,2,Accepted
161,0.9725909169992879,0.5807659153747827,1.7781601592282819,3.016302326385134,2.085741275174426,19.125802075038564,0.9898034295827155,2,Accepted
162,0.9879125438753514,0.5803667932934994,1.7872905403807522,3.0313420660750388,1.843475274536387,19.153897588810807,0.998618490480571,2,Accepted
163,0.9878731179268172,0.5802788717175666,1.7911217059402005,3.0468303407732935,1.6782929250819754,19.30382931987935,1.0160246703717521,2,Accepted
164,0.9773110106022609,0.5804527436010367,1.793908200449203,3.066843930663163,1.5590600069878793,19.481216784982777,1.038097089617644,2,Accepted
165,0.9773110106022609,1.9576705238508425,1.793908200449203,3.066843930663163,0.6038183842622675,19.481216784982777,1.038097089617644,2,Accepted
166,1.0236247015872204,1.5827750076255411,1.7922044621083786,3.089444272873403,0.6474505845322502,20.03804669274629,0.9467664037279562,2,Accepted
167,1.0252464276302111,1.3496709349027316,1.7918465445626546,3.135374157197877,0.6916525898571557,20.957412494715534,0.92110131941789,2,Accepted
168,0.996741103162108,1.1919390106529872,1.7998393126907837,3.2074149630005118,0.7352554421868198,21.951615942248182,0.9317023024072544,2,Accepted
169,0.9512376437048177,1.0795425798100813,1.8163428364696217,3.292340239349217,0.7770915510608318,22.842715256823833,0.9637598138842561,2,Accepted
170,0.9512376437048177,1.5454908351317838,1.8163428364696217,3.292340239349217,0.906107241127168,22.842715256823833,0.9637598138842561,2,Accepted
171,0.9450236990520673,1.3266205062341654,1.8468148673406264,3.368955208797147,0.9356793441846306,23.314560055022092,0.9503773768419731,2,Accepted
172,0.9196676129370059,1.1766601158146415,1.8732998038429047,3.4317240617353657,0.9625881092730715,23.81367348922566,0.9646561828191627,2,Accepted
173,0.8840886125305577,1.0685904846800045,1.897571660873922,3.4843293945729363,0.9862427798523677,24.1983101498349,0.9944830578909959,2,Accepted
174,0.8452165302981952,0.987314274266349,1.9196569667246877,3.5248646302281634,1.0062364428865436,24.3835146215361,1.031205279565308,2,Accepted
175,0.8452165302981952,1.1523621422580337,1.9196569667246877,3.5248646302281634,1.6958426497505785,24.3835146215361,1.031205279565308,2,Accepted
176,0.8552544803539706,1.0506860999071796,1.9519443816919901,3.533956477799558,1.577929357697414,23.82128163391682,1.0197648149030503,2,Accepted
177,0.8568814066921465,0.973128571034997,1.9653933756417683,3.5109822706548286,1.488740116837508,23.464829440572405,1.021226462462108,2,Accepted
178,0.8510978733892628,0.9123528761193824,1.9678590927221205,3.4875590806549948,1.4192952642523733,23.206743662902113,1.031661514495709,2,Accepted
179,0.8409119562325215,0.8639680526650455,1.9631330041302641,3.457752192672636,1.364219688445347,22.98808925615461,1.0470402675902122,2,Accepted
180,0.8409119562325215,1.6426056765866865,1.9631330041302641,3.457752192672636,1.7251842763700378,22.98808925615461,1.0470402675902122,2,Accepted
181,0.9070462040606392,1.389325483543858,1.9699358701906187,3.416076875606146,1.596793269129148,22.389207777963925,0.9618505352627832,2,Accepted
182,0.944237225135545,1.219193469011688,1.9602916152136185,3.380420406802547,1.503654005525581,22.36011206712595,0.927288460376413,2,Accepted
183,0.9555918365279962,1.098368721244935,1.9481027047942636,3.3695703381345075,1.434239102627246,22.606719681323312,0.9240086243362775,2,Accepted
184,0.9470299531747425,1.0089436423348699,1.9393374437328808,3.3825560120660696,1.3810465569147878,22.94322660944486,0.9407394923697383,2,Accepted
185,0.9470299531747425,1.0244409270005217,1.9393374437328808,3.3825560120660696,2.902333253459518,22.94322660944486,0.9407394923697383,2,Accepted
186,1.0075555562143443,0.9524350897500311,1.9616008099507332,3.3778620722438446,2.3560194059094988,22.28516878934473,0.9148144884305112,2,Accepted
187,1.0331931655637758,0.8959907489356619,1.9607556194242224,3.363566023898432,2.0334601033043453,22.193853581007442,0.9168212555134311,2,Accepted
188,1.0320934267481943,0.8510058769604143,1.9537286466129795,3.3643708861089348,1.8229582925235488,22.3431338041803,0.9367628257758636,2,Accepted
189,1.013025455194351,0.81465237645,1.9466275263864972,3.377317915168848,1.677190650736828,22.558742482968185,0.9677168819925088,2,Accepted
190,1.013025455194351,1.66341067622574,1.9466275263864972,3.377317915168848,2.098552668095691,22.558742482968185,0.9677168819925088,2,Accepted
191,1.0863007936665827,1.4046391105561251,1.9590610381065308,3.37976497035734,1.8704431229851688,22.30740440654732,0.8980328667667835,2,Accepted
192,1.1136914307090515,1.2321521619678817,1.9574762834122639,3.386753086719519,1.7162741147339,22.614000243651283,0.8789055474304385,2,Accepted
193,1.1049721620650592,1.1101904889678218,1.95514315454543,3.414471733022299,1.6065364021700475,23.147983755981205,0.8906408920658775,2,Accepted
194,1.0721339067273168,1.0202814620560805,1.9566049812951112,3.458690126561785,1.5249743159635907,23.702716124304224,0.9218160994814895,2,Accepted
195,1.0721339067273168,0.9499605051901839,1.9566049812951112,3.458690126561785,2.4373739780684405,23.702716124304224,0.9218160994814895,2,Accepted
196,1.0729657519142555,0.8959678167589984,1.978201127582835,3.4915923738764465,2.0949160488643734,23.534542966718032,0.9391452567245597,2,Accepted
197,1.0527343198169543,0.8526705889141005,1.987070203222064,3.507075899779115,1.8717562233832008,23.536116266974787,0.9690418978216244,2,Accepted
198,1.0206036293230862,0.8174155935014874,1.98987990425623,3.5155466651377996,1.7162623356884719,23.547178374781513,1.0053310502537012,2,Accepted
199,0.9836123747010805,0.788271231920143,1.9900171404335099,3.5193054848686685,1.6013761592571067,23.476513842226392,1.043030369719955,2,Accepted
200,0.9836123747010805,1.474630590682283,1.9900171404335099,3.5193054848686685,1.0335474596972363,23.476513842226392,1.043030369719955,2,Accepted
201,0.9733702869399646,1.2820297008066788,1.984164295013883,3.520489839750844,1.0518849670200523,23.58618853041778,1.020517814200658,2,Accepted
202,0.9481025537858045,1.147026772911411,1.9789458898747538,3.524894951224161,1.0673142871605685,23.768854797142097,1.0239025212793904,2,Accepted
203,0.9149678518258715,1.0479962391268611,1.9758597782653748,3.5325337885527985,1.079663815717768,23.899338616069596,1.0417337772947475,2,Accepted
204,0.8795736047102701,0.9725929963512285,1.974517723290448,3.537498649429633,1.0888728442846458,23.90824861145627,1.0661696833253063,2,Accepted
205,0.8795736047102701,1.8199460981628275,1.974517723290448,3.537498649429633,1.5555261168206391,23.90824861145627,1.0661696833253063,2,Accepted
206,0.937367773028026,1.5027279604431105,1.9905096074432282,3.5133830946847797,1.475304801321757,23.306177982833763,0.9763211226685322,2,Accepted
207,0.9638690848308307,1.2981491735290207,1.9872711111053332,3.48352470085528,1.414848938222024,23.273927540278827,0.9422130416425755,2,Accepted
208,0.9646038833890405,1.1565783697670522,1.9796783073308097,3.4740462170502635,1.3682360248280854,23.489076391315177,0.9408777025353053,2,Accepted
209,0.9471668210546035,1.0539153380540196,1.973400108934049,3.483278710989823,1.3312777239372362,23.764413976419448,0.9596847698080544,2,Accepted
210,0.9471668210546035,1.5556207862734563,1.973400108934049,3.483278710989823,1.8110801419753955,23.764413976419448,0.9596847698080544,2,Accepted
211,0.9882942345803144,1.3339271857666242,1.9849971736814906,3.4871872300216595,1.6684611870327004,23.540526554485538,0.9181683924230746,2,Accepted
212,0.9985803764493365,1.1821577996419717,1.985457241161193,3.489884543359871,1.5654843268707948,23.68670008788666,0.9131899210417854,2,Accepted
213,0.9858375205709958,1.072921445916202,1.983783156190938,3.5028568753914913,1.4883633383887585,23.96092381873382,0.9309854644651179,2,Accepted
214,0.9583185419425521,0.9909941512957102,1.9840126651014605,3.525622702503749,1.4283624015319014,24.20259761069547,0.9624296917574062,2,Accepted
215,0.9583185419425521,1.2733557630158667,1.9840126651014605,3.525622702503749,2.549256997242781,24.20259761069547,0.9624296917574062,2,Accepted
216,1.0091072737667794,1.1401077822897296,2.0081737397472335,3.520529698029002,2.1569741078573896,23.524343992904434,0.9287001589381999,2,Accepted
217,1.0278892163616786,1.041995303448184,2.009343624766671,3.5015888560809767,1.9092479545108132,23.378549008261732,0.9257415328152613,2,Accepted
218,1.021882049730526,0.967426467674356,2.0028480466002025,3.492961006805707,1.7409656516046224,23.462794824597065,0.942659230343301,2,Accepted
219,0.999205297740805,0.9093224617341275,1.9955123624418851,3.49749133240665,1.620136642943849,23.598446014351964,0.971900860739169,2,Accepted
220,0.999205297740805,1.0826869378808863,1.9955123624418851,3.49749133240665,1.171388922867206,23.598446014351964,0.971900860739169,2,Accepted
221,0.9573120451998425,0.9992078108053973,1.9837821890736222,3.5132599575001993,1.1708834862816027,23.95464851547797,1.0049001013089989,2,Accepted
222,0.9129322815310397,0.9346963498778368,1.9798615489273987,3.5354386665414936,1.168899719784837,24.10884593232089,1.0426032590598557,2,Accepted
223,0.8717845281759702,0.883268845396686,1.9793440288095392,3.5445777209133946,1.1650993436249535,24.032684475619572,1.0783096462234265,2,Accepted
224,0.8352919107292995,0.8418225268333681,1.9788560662623293,3.542041493915799,1.159678554357575,23.7831128061889,1.1100307792204427,2,Accepted
225,0.8352919107292995,1.6220363985954533,1.9788560662623293,3.542041493915799,1.1036943933182877,23.7831128061889,1.1100307792204427,2,Accepted
226,0.8607822466164226,1.378036420901951,1.9827323107678028,3.5163588383319966,1.1063850924247989,23.310931719035448,1.0425550738827436,2,Accepted
227,0.8686797027730433,1.2127541746506632,1.9752782760682057,3.4838058178638627,1.1087040382182003,23.19360850091028,1.0154497795614177,2,Accepted
228,0.8629967549472112,1.0945700382191688,1.9651443204450674,3.4621158853294975,1.110549245069972,23.223578199765413,1.0126787146945082,2,Accepted
229,0.8480709602945904,1.0062938656424563,1.9565841848593657,3.453985818121728,1.1117006592301795,23.27047186187684,1.0243603420059908,2,Accepted
230,0.8480709602945904,1.2586454139281886,1.9565841848593657,3.453985818121728,0.7705537740058401,23.27047186187684,1.0243603420059908,2,Accepted
231,0.8292928909131749,1.1279186921427438,1.9459046832417433,3.4563151031139228,0.8071746243713345,23.475242345169995,1.0291034454347132,2,Accepted
232,0.8036851646900172,1.0315163454014955,1.940229073011786,3.465326452101919,0.8407278987776313,23.61169218626607,1.0473712897845475,2,Accepted
233,0.7760904477888421,0.9577298119555611,1.938371636928925,3.473109501862526,0.8707720836234156,23.61314399920978,1.0713035636971795,2,Accepted
234,0.749624160317818,0.9001274171753842,1.9372777207925906,3.4732511654767597,0.897036610565234,23.483119722772244,1.096441741296631,2,Accepted
235,0.749624160317818,0.9418467915299024,1.9372777207925906,3.4732511654767597,2.4019884443885986,23.483119722772244,1.096441741296631,2,Accepted
236,0.7969996073591655,0.886928265515398,1.9625554641412575,3.4296144443843244,2.044575732518932,22.214452316365858,1.0497621826297072,2,Accepted
237,0.8324968156804039,0.8421023847471467,1.958225505118496,3.3589563035058814,1.812720207187396,21.53312267725875,1.0241916993455589,2,Accepted
238,0.8554464865926394,0.805256815547804,1.9409498816484627,3.298080525823047,1.6530164465956854,21.198148295534363,1.01460690464544,2,Accepted
239,0.8667719411928246,0.7747534742607606,1.920929186214975,3.2597062367622462,1.5374553696716615,21.057146534240264,1.0167983378399292,2,Accepted
240,0.8667719411928246,0.9512616169098542,1.920929186214975,3.2597062367622462,0.2505301806944832,21.057146534240264,1.0167983378399292,2,Accepted
241,0.8140243406076534,0.8939865835000682,1.878931454185596,3.259157789647002,0.2816205748665761,21.871929619076123,1.0620060508480607,2,Accepted
242,0.7602172037071468,0.8484224865573032,1.8599731910606816,3.2967909534888484,0.31481037726811234,22.399872512909894,1.1110060851500148,2,Accepted
243,0.7115731185946264,0.8113919428752513,1.855188050605293,3.329917277577509,0.3496503609171101,22.610100237957756,1.1557378984215332,2,Accepted
244,0.6692955677573216,0.7809093346374852,1.8568487103864337,3.3593470311671036,0.3856815401524832,22.56590344954996,1.193699008700336,2,Accepted
245,0.6692955677573216,1.0055195675806303,1.8568487103864337,3.3593470311671036,1.1345864000572847,22.56590344954996,1.193699008700336,2,Accepted
246,0.6819209106671343,0.9370086793316244,1.875977291844102,3.349242577530822,1.121050577338456,21.735481926888024,1.151415185252268,2,Accepted
247,0.6957737021152346,0.88195218116889,1.878742840086318,3.2991345634719633,1.1086007173558807,21.161380728378255,1.119746164984497,2,Accepted
248,0.7076869291447293,0.836947111485813,1.8719984998415407,3.2544337310637586,1.09768234012071,20.777432002490993,1.0988269313624068,2,Accepted
249,0.7181345860953993,0.7999387998250139,1.8598097485505225,3.2049496703078972,1.0880743732461977,20.52200323958399,1.0854132357053032,2,Accepted
250,0.7836029167565904,0.6522638832308459,1.9903666322967242,3.7655541149679403,1.1159689508365676,23.939477799941958,1.2512425275666446,3,Accepted
251,0.7527543385716287,0.652106183785,1.999835284879873,3.7639168756337864,1.0841398094027117,23.504451710673155,1.2887368146942906,3,Accepted
252,0.7303613922224809,0.6518576274084888,2.000777051712923,3.731725232300159,1.056083304119773,22.94133003388608,1.3088700906573765,3,Accepted
253,0.7156341094135336,0.6512838292392613,1.9925134950777101,3.680723192741123,1.0310296839265456,22.3538431428187,1.3148986903195683,3,Accepted
254,0.7068240868368655,0.6503965692682618,1.977908925697185,3.6201909965884043,1.008725348920202,21.78700723740569,1.3109395643998352,3,Accepted
255,0.7068240868368655,0.8378010048484945,1.977908925697185,3.6201909965884043,0.7411601599040152,21.78700723740569,1.3109395643998352,3,Accepted
256,0.7018087278633883,0.8111522363430699,1.9561399957783392,3.5621874292436106,0.7559480205835957,21.3916522732724,1.2889091893089644,3,Accepted
257,0.699123908122197,0.788088186283327,1.93452158643647,3.5117783854979776,0.7686596611778432,21.091059417934556,1.2704101907452832,3,Accepted
258,0.6980208793261695,0.7680784715853248,1.9146288268446585,3.4668907688055044,0.779579256327332,20.863403675118867,1.2551417581825657,3,Accepted
259,0.6976475388139438,0.75064893360357,1.8969043266851628,3.431936351783436,0.7890137118385341,20.697700855197077,1.2433672073776973,3,Accepted
260,0.6976475388139438,1.6938199920073556,1.8969043266851628,3.431936351783436,2.127031897792908,20.697700855197077,1.2433672073776973,3,Accepted
261,0.8136881641421174,1.437479584285372,1.916355685862232,3.36817731865831,1.7928217326851696,19.793159860574953,1.0631727817515169,3,Accepted
262,0.9038018719669868,1.2636036721145494,1.9051951643429477,3.313707614303049,1.5811396206112398,19.864103084845446,0.976322109366116,3,Accepted
263,0.9603096480257607,1.1397564835962002,1.8900512793398982,3.3122992259960355,1.4385757721547907,20.474598489473596,0.9449811581570923,3,Accepted
264,0.9835941162608295,1.0485445840478922,1.8822952761557001,3.3595223737187307,1.3384692910926486,21.3628004417246,0.9498631784194447,3,Accepted
265,0.9835941162608295,1.556901963463062,1.8822952761557001,3.3595223737187307,2.618423548335009,21.3628004417246,0.9498631784194447,3,Accepted
266,1.0907066116157953,1.347724441452578,1.9151467251271317,3.417388297750141,2.1032199636801097,21.602260778185695,0.8860212185972671,3,Accepted
267,1.1358842475324202,1.2036847841939557,1.9318958978173129,3.491822510686272,1.8054073884592656,22.512394735077187,0.88043142987948,3,Accepted
268,1.1300566534226004,1.099857806745443,1.9506845132927175,3.59908377315799,1.614273453104417,23.676286393506103,0.9119004757914089,3,Accepted
269,1.0896166943525893,1.0225639561423816,1.9767460672951764,3.724497710478382,1.4829189318529925,24.805292796805308,0.9677957998777911,3,Accepted
270,1.0896166943525893,1.1851979759858877,1.9767460672951764,3.724497710478382,2.2421847105464154,24.805292796805308,0.9677957998777911,3,Accepted
271,1.0886346446104835,1.0888578497337682,2.0257354920426027,3.8331067851585834,1.8999594063263983,25.216985606082307,0.9911566695174601,3,Accepted
272,1.0573722280345748,1.0159708959085418,2.061163596226009,3.9167101936591853,1.6813688450395008,25.704875750232972,1.0364423266758926,3,Accepted
273,1.0100460393235042,0.959496342629529,2.0889440085009454,3.9807813291392113,1.530728638982075,26.051667790168366,1.092906289784476,3,Accepted
274,0.9573666278442173,0.9148105563028093,2.1103579331641873,4.023789537399073,1.4204147214223912,26.149174819019276,1.1516371373482877,3,Accepted
275,0.9573666278442173,0.9988530637751316,2.1103579331641873,4.023789537399073,0.7748840589952501,26.149174819019276,1.1516371373482877,3,Accepted
276,0.8780024659262784,0.9469847715443024,2.111733035743383,4.04642959454539,0.7996650825540238,26.36163052640946,1.22604888314521,3,Accepted
277,0.8124812308256673,0.9054249226401919,2.1157107775358686,4.054714528274683,0.8199126528615616,26.096858834533982,1.2856851624785812,3,Accepted
278,0.7628946794355962,0.8711099487287121,2.113337674525251,4.02290844329267,0.8355642919116617,25.49310483277727,1.3238117186196356,3,Accepted
279,0.7261852384855013,0.8423412968334383,2.1048910863249075,3.9670600073365723,0.8471637244122628,24.715155670809082,1.3436781131659428,3,Accepted
280,0.7261852384855013,1.1370822975457984,2.1048910863249075,3.9670600073365723,1.4426738280609268,24.715155670809082,1.3436781131659428,3,Accepted
281,0.7449299618379961,1.0532568955895927,2.1031987724086707,3.878717996798502,1.3383681548152457,23.5007807627917,1.275120586190106,3,Accepted
282,0.7623918838941589,0.9865979482445791,2.080339690886884,3.769765391754905,1.258004363254734,22.762588850488083,1.2277028755291446,3,Accepted
283,0.7751974088230112,0.9328291347399466,2.049773922150348,3.6853760986533883,1.1950990279388742,22.342625874543746,1.1988591517504925,3,Accepted
284,0.7831308102844412,0.8890152417982212,2.0183053325671403,3.620676581834525,1.1452027545362458,22.122572882978705,1.1835936546768426,3,Accepted
285,0.7831308102844412,1.1711088793550137,2.0183053325671403,3.620676581834525,0.4389243360641369,22.122572882978705,1.1835936546768426,3,Accepted
286,0.7687371923145314,1.075366518387997,1.9795758472703717,3.5916177620082057,0.47076137622314035,22.369749201256276,1.1792415326604235,3,Accepted
287,0.7487613295253729,1.0019944458692605,1.9558322220461424,3.59057022647296,0.5022425214567058,22.589413355046446,1.1890781236794752,3,Accepted
288,0.7266584123148159,0.9442080240143039,1.9431830233480762,3.5975943000140593,0.5329279869223211,22.70866954324298,1.2051330332901162,3,Accepted
289,0.7047629558582842,0.8981395957129118,1.9365465574004483,3.6064580862773483,0.5623784723117755,22.731697660259552,1.2235708713056588,3,Accepted
290,0.7047629558582842,1.399638648616759,1.9365465574004483,3.6064580862773483,2.38415546454923,22.731697660259552,1.2235708713056588,3,Accepted
291,0.7939831400461194,1.2409540310174434,1.9729688323013086,3.5640592243635028,1.9524467120566737,21.60884555072475,1.0957524175289275,3,Accepted
292,0.8611608031632283,1.1250026008339795,1.9715899528267622,3.506452323993856,1.689436644503448,21.38370151181598,1.0324815055478485,3,Accepted
293,0.9023103461252314,1.0378708721828311,1.9595464398449798,3.4854586997317845,1.5156299879923907,21.64363320895069,1.0110185332392472,3,Accepted
294,0.9190518174425809,0.9710530122689521,1.9487847216108025,3.5011285053953576,1.3948654254372757,22.145914333755567,1.017671833466749,3,Accepted
295,0.9190518174425809,1.0569356921320636,1.9487847216108025,3.5011285053953576,0.6537668221996468,22.145914333755567,1.017671833466749,3,Accepted
296,0.8812489060111744,0.9868954597580751,1.931936118761553,3.5561383244379146,0.6817526143442623,23.10885778732365,1.065923486056013,3,Accepted
297,0.8368435158582843,0.9325979018678016,1.9346715386008757,3.6349375788736937,0.7079134588388073,23.782568950016426,1.121448497831656,3,Accepted
298,0.7932451633878282,0.8895235830519646,1.9481249632247568,3.69981982800263,0.7316374616700608,24.109018137699184,1.1750595774333625,3,Accepted
299,0.7535817595759372,0.8548653986953809,1.964437931643953,3.748456740046292,0.7526074101274792,24.14293752056124,1.222465285931682,3,Accepted
300,0.7535817595759372,1.5581885169442284,1.964437931643953,3.748456740046292,0.5818199074383354,24.14293752056124,1.222465285931682,3,Accepted
301,0.7542198093759352,1.3529113154096613,1.9814707149090245,3.7615303227249166,0.6117538272149813,23.901403770780398,1.1791338520631707,3,Accepted
302,0.7466247727562482,1.2092989024232028,1.9880322525744503,3.752711450189592,0.6399415765848847,23.851362446607702,1.1655530224286754,3,Accepted
303,0.7332339687799715,1.1042945706153255,1.9895495332723463,3.7428763241768617,0.6661975668344252,23.85212948504898,1.1697493970941424,3,Accepted
304,0.7167252814681302,1.0246924853502664,1.9891961158769258,3.734589274300214,0.6903204766191541,23.817388597622514,1.1834033588794266,3,Accepted
305,0.7167252814681302,0.957392828411165,1.9891961158769258,3.734589274300214,0.702961211730299,23.817388597622514,1.1834033588794266,3,Accepted
306,0.6961885416245485,0.908933104072967,1.9873087322126703,3.7244643178409884,0.7237466446825173,23.709078498190163,1.2084788560412616,3,Accepted
307,0.6778753030170128,0.8696105549526673,1.984684157337791,3.7097186060365503,0.7420520586666187,23.47644789989836,1.229561618850732,3,Accepted
308,0.662888382071115,0.8370863371843237,1.9792558002334777,3.687342804329229,0.7578579722352414,23.15558485290415,1.2448515707515257,3,Accepted
309,0.6514943025899048,0.809834559025994,1.9714168218865162,3.6555563010390673,0.7712966839830641,22.778456980540025,1.2540730190783977,3,Accepted
310,0.6514943025899048,1.2637544301029369,1.9714168218865162,3.6555563010390673,2.515320978438124,22.778456980540025,1.2540730190783977,3,Accepted
311,0.738846718596495,1.1429234748876445,1.9985228060561704,3.5758142925324043,2.0233110537731753,21.42512348148389,1.1214309884456513,3,Accepted
312,0.8085297205710116,1.0510369053739979,1.9857382412779745,3.4884142940434493,1.7307256254557066,21.023580233587108,1.0518195105714594,3,Accepted
313,0.8559477952705342,0.9800141082069371,1.9627168553985384,3.4445582597647046,1.5401472407698782,21.14629400191637,1.0235633108495608,3,Accepted
314,0.881256542850153,0.9243817147534622,1.9423748332759239,3.4427340405022377,1.4090910295815093,21.54948157869173,1.0233787606585343,3,Accepted
315,0.881256542850153,1.2341745149929433,1.9423748332759239,3.4427340405022377,1.1243804889336804,21.54948157869173,1.0233787606585343,3,Accepted
316,0.8945226536438041,1.120268548326589,1.929260012398702,3.4768603729620784,1.091566410232796,22.14427553923497,1.0201371933828922,3,Accepted
317,0.8889895894294073,1.0352663159911608,1.9275803833709766,3.5330138161055142,1.0660534953629779,22.784769685664777,1.039600643552215,3,Accepted
318,0.8701812937815245,0.970075208856003,1.9356544232128128,3.5995331491971627,1.0456727540115447,23.341212924196515,1.0730184375109713,3,Accepted
319,0.8439595154863043,0.9191966744783879,1.9490514203180076,3.662101787495617,1.0288473167423693,23.746231234268922,1.1135598066699837,3,Accepted
320,0.8439595154863043,1.6065811971161186,1.9490514203180076,3.662101787495617,1.5094681571902522,23.746231234268922,1.1135598066699837,3,Accepted
321,0.8857186211274141,1.3839578452200376,1.9814721229911032,3.694585830523166,1.3924402241644662,23.540345471619556,1.0552692698252912,3,Accepted
322,0.9036942966557395,1.2306304152111511,1.9969768632122828,3.7115528945719864,1.3064605870122996,23.738857204067852,1.0396706580136212,3,Accepted
323,0.9014592688440394,1.1200848157557832,2.006483706474202,3.7353741202044897,1.2414975217842281,24.0953974185148,1.0513765595466997,3,Accepted
324,0.8843288405091785,1.0372998598809722,2.015699732017775,3.77056247431245,1.1909137938711918,24.438966399841117,1.0800125164771306,3,Accepted
325,0.8843288405091785,1.6970078800965251,2.015699732017775,3.77056247431245,0.8152269846686153,24.438966399841117,1.0800125164771306,3,Accepted
326,0.8831193793017684,1.4440975641253406,2.023879241012489,3.8060235477398483,0.8321857488621628,24.774430289859332,1.0615912917548846,3,Accepted
327,0.8625877877961499,1.27413664414621,2.0321321167544584,3.844749389736188,0.8475544288129168,25.189884139082466,1.076848700954305,3,Accepted
328,0.8312049097347063,1.1534694369195446,2.042303574837625,3.883409681527344,0.8609603625359519,25.50297307843283,1.11032101662257,3,Accepted
329,0.7957887402191481,1.0638725355847596,2.0535148717101057,3.9141997312522245,0.8721104672758085,25.61062462712449,1.1511288170121294,3,Accepted
330,0.7957887402191481,1.520428423002215,2.0535148717101057,3.9141997312522245,1.4791131225654133,25.61062462712449,1.1511288170121294,3,Accepted
331,0.81921113938028,1.3277326394184454,2.0793581471377025,3.9105840625892574,1.3712423181663085,25.037888042372202,1.109273396351821,3,Accepted
332,0.8281890367219827,1.1917783340923613,2.0848320112661214,3.883586731363849,1.2899299763122303,24.818479084786212,1.098250706554151,3,Accepted
333,0.8249763609076524,1.0919008728634423,2.080908486445364,3.861312200413318,1.2271089441841856,24.753850687743636,1.1071592179443446,3,Accepted
334,0.812968833796357,1.015964141638125,2.0745327318834903,3.848602134110024,1.1772706428658428,24.710350234842384,1.1278843995184873,3,Accepted
335,0.812968833796357,1.5585557480527439,2.0745327318834903,3.848602134110024,1.344943548469889,24.710350234842384,1.1278843995184873,3,Accepted
336,0.8392648892619179,1.3524996960365672,2.076487629555296,3.831574856513386,1.2692139455208606,24.412999731504147,1.0842864163086328,3,Accepted
337,0.8476004287741156,1.2088390952899615,2.069807799722159,3.815662769458213,1.2108406383150754,24.431903243169497,1.0755534277684435,3,Accepted
338,0.841568866531827,1.1042532647410508,2.062092258547879,3.812951070072096,1.1649117682426349,24.56384345370134,1.0887251971006324,3,Accepted
339,0.8256548977361982,1.025279163666168,2.056972044786964,3.820646832054113,1.127857421131249,24.67110556851959,1.114579126235637,3,Accepted
340,0.8256548977361982,1.8584938586812896,2.056972044786964,3.820646832054113,1.3125256777662635,24.67110556851959,1.114579126235637,3,Accepted
341,0.8678729012205383,1.5457146716070969,2.0659352247152283,3.8144307825125696,1.2450731699720001,24.415689946632313,1.045966810731946,3,Accepted
342,0.8831673783688483,1.342502984645022,2.0633301838007947,3.811567786635104,1.1934018473089396,24.61163830591074,1.029291546231875,3,Accepted
343,0.8769747063407408,1.2015713200215388,2.0607082600450624,3.8275985521818874,1.1529795849780333,24.95850554122848,1.0436613010695723,3,Accepted
344,0.8562063491926245,1.099276050437673,2.0613418544979982,3.857579537726271,1.1205294692272552,25.27429894372355,1.0764150882520769,3,Accepted
345,0.8562063491926245,1.1931372291005964,2.0613418544979982,3.857579537726271,1.7629965713929643,25.27429894372355,1.0764150882520769,3,Accepted
346,0.8659261776961198,1.0933012677358291,2.079127144260566,3.876373638633361,1.5756452831344774,25.038350880624087,1.0790789517693562,3,Accepted
347,0.8615237676959555,1.0173098840417545,2.0847470956809695,3.8771140988210218,1.4434138197458002,24.952241426633904,1.0976292013646218,3,Accepted
348,0.8472520317768046,0.958114205806716,2.084369980620898,3.8755097926867306,1.3457847281108308,24.883998259272406,1.125441039758944,3,Accepted
349,0.8276344394873054,0.911083360568341,2.080652795983454,3.868441468458387,1.2711255601004272,24.759829487680264,1.1567697348247012,3,Accepted
350,0.8276344394873054,1.4513149932423626,2.080652795983454,3.868441468458387,1.0854601496724452,24.759829487680264,1.1567697348247012,3,Accepted
351,0.8323413724306978,1.2803228020440347,2.07690511715807,3.856200490689345,1.063081078003941,24.549606841437146,1.1310170098667716,3,Accepted
352,0.8260189723307056,1.1578614421777735,2.0690964312566082,3.83979715126144,1.0441940905494083,24.50453086246338,1.1297465773819082,3,Accepted
353,0.8117721294536433,1.0666641781406245,2.0610714249171327,3.8304422198599632,1.0279910742711156,24.491083703953592,1.1432301617006408,3,Accepted
354,0.793209695995554,0.9967657424211436,2.0537346883741856,3.8220572279591027,1.0137262631637798,24.43366292108679,1.164293413505349,3,Accepted
355,0.793209695995554,1.2718330911780984,2.0537346883741856,3.8220572279591027,1.9442729108227683,24.43366292108679,1.164293413505349,3,Accepted
356,0.8346410104817157,1.1514468563959444,2.0683233162064645,3.7920453220466617,1.691430900026973,23.717663846748213,1.112593924153923,3,Accepted
357,0.8588061763182313,1.0608727227251886,2.062153082470353,3.7518973227935963,1.520943444105759,23.48177434829378,1.0928224547026217,3,Accepted
358,0.867068163770062,0.9911332111067231,2.0491833584425163,3.726729288475843,1.4001116959050004,23.49037010876843,1.0949331555804984,3,Accepted
359,0.8624368232869268,0.9363073568313549,2.0374590993173296,3.721426085168818,1.310549238621993,23.582850862920775,1.111394479307706,3,Accepted
360,0.8624368232869268,1.6898944306562749,2.0374590993173296,3.721426085168818,1.2170825835892385,23.582850862920775,1.111394479307706,3,Accepted
361,0.8960400955758545,1.4387811234169923,2.0341062530700555,3.7192268182360557,1.1696309093737822,23.578983182282112,1.0555530439923206,3,Accepted
362,0.904705476550684,1.269340146537532,2.0279856515204813,3.7291573306186105,1.132743934307246,23.909289333957577,1.0442790416105432,3,Accepted
363,0.8940424532660363,1.1488505111765521,2.025642870333424,3.756357083959565,1.1034882911726613,24.33331583222974,1.0602555565636511,3,Accepted
364,0.8705152211198897,1.059519900575014,2.0287378837252357,3.7949180750191807,1.079614591646282,24.690989407055035,1.09216894758746,3,Accepted
365,0.8705152211198897,1.9929425142677863,2.0287378837252357,3.7949180750191807,0.7650859528204761,24.690989407055035,1.09216894758746,3,Accepted
366,0.8851571368883957,1.6279854751708192,2.0377423436223845,3.825398533899466,0.7869822128708335,24.917357766900395,1.0450558017191711,3,Accepted
367,0.8723765200691312,1.3983690963017652,2.0436133802053202,3.860285373888659,0.8073352849979729,25.3895511517457,1.0482114776621976,3,Accepted
368,0.8427927537044266,1.2422074368115268,2.0524442933580085,3.9035922419006823,0.8257073672419775,25.82406310197297,1.078705420370126,3,Accepted
369,0.8053780946933363,1.1305243895161967,2.0635262924620252,3.9446057358024555,0.8416720321869186,26.075995487100165,1.1227910643485437,3,Accepted
370,0.8053780946933363,1.0205503563567495,2.0635262924620252,3.9446057358024555,1.960968521779866,26.075995487100165,1.1227910643485437,3,Accepted
371,0.8123538897854459,0.9609436852109137,2.0957467569945663,3.950178712257711,1.7064844044405219,25.40928879564633,1.1316237847280386,3,Accepted
372,0.8107733779891219,0.9131677657044487,2.1042426232429756,3.919879326880021,1.5335223915803162,24.93854880388817,1.147776501776023,3,Accepted
373,0.8032159720404336,0.8743476370520518,2.098970562210581,3.881056398274975,1.4095180632133708,24.555439766152258,1.167717386735853,3,Accepted
374,0.7922456254807881,0.8423686980320071,2.086809798970801,3.841217264753738,1.3166281310167962,24.19661600706521,1.1882979763593622,3,Accepted
